Workbook
Name logger_times: 'Data Live View'!$A$1:$W$61

Sheet Data Live View
A1: Renderer.render | B1: Renderer.unmount | C1: Scene.add | D1: Scene.update | E1: Scene.draw | F1: Scene.clear | G1: Scene.unmount | H1: Camera.addMouseListener | I1: Camera.updateCameraDirection | J1: Camera.update | K1: Camera.unmount | L1: Cube.initBuffers | M1: Cube.update | N1: Model.build | O1: Model.call | P1: Model.getWeights | Q1: Model.setWeights | R1: Trainer.step | S1: Trainer.resetState | T1: Trainer.updateWeights | U1: Trainer.isDead | V1: Model.unmount | W1: Trainer.unmount
A2: 0.053 | B2: 0 | C2: 0.099999994 | D2: 0.034 | E2: 0.0030000001 | F2: 0.01 | G2: 0 | H2: 0.60000001 | I2: 0 | J2: 0.014 | K2: 0 | L2: 0.099999994 | M2: 0.0069999997 | N2: 5.3 | O2: 9.335 | P2: 0 | Q2: 0 | R2: 25.79 | S2: 0 | T2: 0 | U2: 16.442 | V2: 0 | W2: 0
A3: 0.035644444 | B3: 1.2 | C3: 0.1 | D3: 0.025511111 | E3: 0.0012444445 | F3: 0.0067555556 | G3: 0.40000001 | H3: 0.6 | I3: 0 | J3: 0.0098666667 | K3: 0 | L3: 0.1 | M3: 0.0075555555 | N3: 4.95 | O3: 5.3096889 | P3: 0 | Q3: 0 | R3: 22.893422 | S3: 0 | T3: 0 | U3: 17.576356 | V3: 0.2 | W3: 0.39999999
A4: 0.036163265 | B4: 1.2 | C4: 0.1 | D4: 0.02555102 | E4: 0.0013061225 | F4: 0.0068571429 | G4: 0.40000001 | H4: 0.6 | I4: 0 | J4: 0.0097959184 | K4: 0 | L4: 0.1 | M4: 0.0076734694 | N4: 4.95 | O4: 5.5878367 | P4: 0 | Q4: 0 | R4: 23.141143 | S4: 0 | T4: 0 | U4: 17.545306 | V4: 0.2 | W4: 0.39999999
A5: 0.035622641 | B5: 1.2 | C5: 0.1 | D5: 0.025056604 | E5: 0.0012830189 | F5: 0.0069433962 | G5: 0.40000001 | H5: 0.6 | I5: 0 | J5: 0.009735849 | K5: 0 | L5: 0.1 | M5: 0.007245283 | N5: 4.95 | O5: 5.5397736 | P5: 0 | Q5: 0 | R5: 23.110189 | S5: 0 | T5: 0 | U5: 17.562566 | V5: 0.2 | W5: 0.39999999
A6: 0.035578947 | B6: 1.2 | C6: 0.1 | D6: 0.024982456 | E6: 0.0012631579 | F6: 0.0070175439 | G6: 0.40000001 | H6: 0.6 | I6: 0 | J6: 0.0095438596 | K6: 0 | L6: 0.1 | M6: 0.0075087719 | N6: 4.95 | O6: 5.4853333 | P6: 0 | Q6: 0 | R6: 23.000702 | S6: 0 | T6: 0 | U6: 17.507579 | V6: 0.2 | W6: 0.39999999
A7: 0.034622951 | B7: 1.2 | C7: 0.1 | D7: 0.024327869 | E7: 0.0011803279 | F7: 0.0067540984 | G7: 0.40000001 | H7: 0.6 | I7: 0 | J7: 0.0093770491 | K7: 0 | L7: 0.1 | M7: 0.0072131147 | N7: 4.95 | O7: 5.4415738 | P7: 0 | Q7: 0 | R7: 22.91777 | S7: 0 | T7: 0 | U7: 17.468262 | V7: 0.2 | W7: 0.39999999
A8: 0.034153846 | B8: 1.2 | C8: 0.1 | D8: 0.024246154 | E8: 0.0011076923 | F8: 0.0064615385 | G8: 0.40000001 | H8: 0.6 | I8: 0 | J8: 0.0095384615 | K8: 0 | L8: 0.1 | M8: 0.0073230769 | N8: 4.95 | O8: 5.4028308 | P8: 0 | Q8: 0 | R8: 22.886462 | S8: 0 | T8: 0 | U8: 17.4752 | V8: 0.2 | W8: 0.39999999
A9: 0.034434783 | B9: 1.2 | C9: 0.1 | D9: 0.024521739 | E9: 0.0010434783 | F9: 0.0064347826 | G9: 0.40000001 | H9: 0.6 | I9: 0 | J9: 0.0098550724 | K9: 0 | L9: 0.1 | M9: 0.0074782608 | N9: 4.95 | O9: 5.3706087 | P9: 0 | Q9: 0 | R9: 22.833391 | S9: 0 | T9: 0 | U9: 17.454377 | V9: 0.2 | W9: 0.39999999
A10: 0.033753425 | B10: 1.2 | C10: 0.1 | D10: 0.024 | E10: 0.0010410959 | F10: 0.0063013699 | G10: 0.40000001 | H10: 0.6 | I10: 0 | J10: 0.0096986301 | K10: 0 | L10: 0.1 | M10: 0.0072876712 | N10: 4.95 | O10: 5.3387945 | P10: 0 | Q10: 0 | R10: 22.776603 | S10: 0 | T10: 0 | U10: 17.429589 | V10: 0.2 | W10: 0.39999999
A11: 0.033714286 | B11: 1.2 | C11: 0.1 | D11: 0.024103896 | E11: 0.0010389611 | F11: 0.0061818182 | G11: 0.40000001 | H11: 0.6 | I11: 0 | J11: 0.0098181818 | K11: 0 | L11: 0.1 | M11: 0.0071688311 | N11: 4.95 | O11: 5.3085714 | P11: 0 | Q11: 0 | R11: 22.720468 | S11: 0 | T11: 0 | U11: 17.403636 | V11: 0.2 | W11: 0.39999999
A12: 0.03362963 | B12: 1.2 | C12: 0.1 | D12: 0.024098765 | E12: 0.0010864198 | F12: 0.0059753087 | G12: 0.40000001 | H12: 0.6 | I12: 0 | J12: 0.0097777778 | K12: 0 | L12: 0.1 | M12: 0.0071111111 | N12: 4.95 | O12: 5.2841481 | P12: 0 | Q12: 0 | R12: 22.676741 | S12: 0 | T12: 0 | U12: 17.384198 | V12: 0.2 | W12: 0.39999999
A13: 0.033082353 | B13: 1.2 | C13: 0.1 | D13: 0.023764706 | E13: 0.0010352941 | F13: 0.005882353 | G13: 0.40000001 | H13: 0.6 | I13: 0 | J13: 0.0097882353 | K13: 0 | L13: 0.1 | M13: 0.0070117647 | N13: 4.95 | O13: 5.256 | P13: 0 | Q13: 0 | R13: 22.643106 | S13: 0 | T13: 0 | U13: 17.379012 | V13: 0.2 | W13: 0.39999999
... A61: 0.038 | B61: 0 | C61: 0.10000001 | D61: 0.024684211 | E61: 0.00094736839 | F61: 0.0053684211 | G61: 0 | H61: 0.7 | I61: 0 | J61: 0.010210526 | K61: 0 | L61: 0.10000001 | M61: 0.0068421053 | N61: 4.7 | O61: 12.044316 | P61: 0 | Q61: 0 | R61: 27.946684 | S61: 0 | T61: 0 | U61: 15.896579 | V61: 0 | W61: 0

Sheet Stats
A38: Renderer.render | B38: Renderer.unmount | C38: Scene.add | D38: Scene.update | E38: Scene.draw | F38: Scene.clear | G38: Scene.unmount | H38: Camera.addMouseListener | I38: Camera.updateCameraDirection | J38: Camera.update | K38: Camera.unmount | L38: Cube.initBuffers | M38: Cube.update | N38: Model.build | O38: Model.call | P38: Model.getWeights | Q38: Model.setWeights | R38: Trainer.step | S38: Trainer.resetState | T38: Trainer.updateWeights | U38: Trainer.isDead | V38: Model.unmount | W38: Trainer.unmount
A39: =AVERAGE('Data Live View'!A:A) -> 0.041125276 | B39: =AVERAGE('Data Live View'!B:B) -> 0.4 | C39: =AVERAGE('Data Live View'!C:C) -> 0.10000001 | D39: =AVERAGE('Data Live View'!D:D) -> 0.025774987 | E39: =AVERAGE('Data Live View'!E:E) -> 0.0012140486 | F39: =AVERAGE('Data Live View'!F:F) -> 0.0064508137 | G39: =AVERAGE('Data Live View'!G:G) -> 0.13333334 | H39: =AVERAGE('Data Live View'!H:H) -> 0.63333333 | I39: =AVERAGE('Data Live View'!I:I) -> 0 | J39: =AVERAGE('Data Live View'!J:J) -> 0.010087854 | K39: =AVERAGE('Data Live View'!K:K) -> 0 | L39: =AVERAGE('Data Live View'!L:L) -> 0.10000001 | M39: =AVERAGE('Data Live View'!M:M) -> 0.0070204993 | N39: =AVERAGE('Data Live View'!N:N) -> 5.0466667 | O39: =AVERAGE('Data Live View'!O:O) -> 14.14492 | P39: =AVERAGE('Data Live View'!P:P) -> 0 | Q39: =AVERAGE('Data Live View'!Q:Q) -> 0 | R39: =AVERAGE('Data Live View'!R:R) -> 30.725847 | S39: =AVERAGE('Data Live View'!S:S) -> 0 | T39: =AVERAGE('Data Live View'!T:T) -> 0 | U39: =AVERAGE('Data Live View'!U:U) -> 16.573511 | V39: =AVERAGE('Data Live View'!V:V) -> 0.066666668 | W39: =AVERAGE('Data Live View'!W:W) -> 0.13333333
A41: Max | B41: Min | C41: Total
A42: =MAX(39:39) -> 30.725847 | B42: =MIN(39:39) -> 0 | C42: =SUM(39:39) -> 68.149285
A44: 1 | B44: 100 | C44: 200 | D44: 300 | E44: 400 | F44: 500 | G44: 600 | H44: 700 | I44: 800 | J44: 900 | K44: 1000 | L44: 1100 | M44: 1200 | N44: 1300 | O44: 1400 | P44: 1500 | Q44: 1600 | R44: 1700 | S44: 1800 | T44: 1900
